Workbook
Name _01_11_2001: #N/A
Name _1: #N/A
Name _1000A01: #N/A
Name _19_01_98: #REF!
Name _19_01_98: #REF!
Name _19_01_98: #REF!
Name _2: #N/A
Name _20_01_98: #REF!
Name _20_01_98: #REF!
Name _20_01_98: #REF!
Name _atn1: #REF!
Name _atn1: #REF!
Name _atn1: #REF!
Name _atn10: #REF!
Name _atn10: #REF!
Name _atn10: #REF!
Name _atn2: #REF!
Name _atn2: #REF!
Name _atn2: #REF!
Name _atn3: #REF!
Name _atn3: #REF!
Name _atn3: #REF!
Name _atn4: #REF!
Name _atn4: #REF!
Name _atn4: #REF!
Name _atn5: #REF!
Name _atn5: #REF!
Name _atn5: #REF!
Name _atn6: #REF!
Name _atn6: #REF!
Name _atn6: #REF!
Name _atn7: #REF!
Name _atn7: #REF!
Name _atn7: #REF!
Name _atn8: #REF!
Name _atn8: #REF!
Name _atn8: #REF!
Name _atn9: #REF!
Name _atn9: #REF!
Name _atn9: #REF!
Name _boi1: #REF!
Name _boi1: #REF!
Name _boi1: #REF!
Name _boi2: #REF!
Name _boi2: #REF!
Name _boi2: #REF!
Name _boi3: #REF!
Name _boi3: #REF!
Name _boi3: #REF!
Name _boi4: #REF!
Name _boi4: #REF!
Name _boi4: #REF!
Name _btm10: #REF!
Name _btm10: #REF!
Name _btm10: #REF!
Name _btm100: #REF!
Name _btm100: #REF!
Name _btm100: #REF!
Name _BTM250: #REF!
Name _BTM250: #REF!

Sheet Tong hop 2026
A1: TỔNG HỢP THÔNG QUA KẾ HOẠCH SCL NĂM 2026 CỦA CÁC ĐƠN VỊ
A2: STT | B2: Tên đơn vị | C2: Kế hoạch chi phí Phân bổ | F2: Đăng ký kế hoạch của các đơn vị | X2: Chênh lệch | Y2: Thông qua hm SCL 110kV | AB2: Tạm giao chi phí SCL đợt 1 | AE2: Giá trị còn lại | AF2: Ghi chú
C3: Tổng | D3: 110kV | E3: Khác 110kV | F3: SL hạng mục đăng ký | L3: Giá trị khái toán | R3: Giá trị chi phí | AB3: Tổng | AC3: 110kV | AD3: Khác 110kV
F4: 110kV | G4: TT | H4: HT | I4: Khác | J4: KTr | K4: Tổng | L4: 110kV | M4: TT | N4: HT | O4: Khác | P4: KTr | Q4: Tổng | R4: 110kV | S4: TT | T4: HT | U4: Khác | V4: KTr | W4: Tổng | Y4: SL | Z4: Giá trị khái toán | AA4: Giá trị chi phí
A5: 1 | B5: Công ty TNHH MTV ĐL Hải Phòng | C5: =D5+E5 -> 92912.766 | D5: 43189.696 | E5: 49723.07 | F5: =Cac_hm_du_dk_giao_kh!#REF! -> #REF! | G5: 9 | H5: 6 | I5: 0 | J5: 4 | K5: =F5+G5+I5+H5+J5 -> #REF! | L5: =Cac_hm_du_dk_giao_kh!#REF! -> #REF! | M5: 21590 | N5: 33300 | O5: 0 | P5: 7236 | Q5: =L5+O5+M5+N5+P5 -> #REF! | R5: =Cac_hm_du_dk_giao_kh!#REF! -> #REF! | S5: 17823 | T5: 26200 | U5: 0 | V5: 5700 | W5: =R5+U5+S5+T5+V5 -> #REF! | X5: =C5-W5 -> #REF! | AF5: 01 hm SCL trụ sở ĐL
A6: =+A5+1 -> 2 | B6: Công ty TNHH MTV ĐL Hải Dương | C6: =D6+E6 -> 70352.413 | D6: 27275.125 | E6: 43077.288 | F6: =Cac_hm_du_dk_giao_kh!#REF! -> #REF! | G6: 12 | H6: 16 | I6: 0 | J6: 0 | K6: =F6+G6+I6+H6+J6 -> #REF! | L6: =Cac_hm_du_dk_giao_kh!#REF! -> #REF! | M6: 19840 | N6: 36280 | O6: 0 | P6: 0 | Q6: =L6+O6+M6+N6+P6 -> #REF! | R6: =Cac_hm_du_dk_giao_kh!#REF! -> #REF! | S6: 16368 | T6: 29995 | U6: 0 | V6: 0 | W6: =R6+U6+S6+T6+V6 -> #REF! | X6: =C6-W6 -> #REF!
A7: =+A6+1 -> 3 | B7: Công ty TNHH MTV ĐL Ninh Bình | C7: =D7+E7 -> 42364.556 | D7: 14393.574 | E7: 27970.982 | F7: =Cac_hm_du_dk_giao_kh!#REF! -> #REF! | G7: 4 | I7: 1 | J7: 1 | K7: =F7+G7+I7+H7+J7 -> #REF! | L7: =Cac_hm_du_dk_giao_kh!#REF! -> #REF! | M7: 40661 | O7: 935 | P7: 800 | Q7: =L7+O7+M7+N7+P7 -> #REF! | R7: =Cac_hm_du_dk_giao_kh!#REF! -> #REF! | S7: 34908 | U7: 795 | V7: 720 | W7: =R7+U7+S7+T7+V7 -> #REF! | X7: =C7-W7 -> #REF! | AF7: 01 hm SCL trụ sở ĐL
A8: =+A7+1 -> 4 | B8: NPCIT
A9: =+A8+1 -> 5 | B9: Công ty Điện lực Nam Định | C9: =D9+E9 -> 76380.054 | D9: 24812.216 | E9: 51567.838 | F9: =Cac_hm_du_dk_giao_kh!#REF! -> #REF! | G9: 12 | H9: 11 | I9: 1 | J9: 5 | K9: =F9+G9+I9+H9+J9 -> #REF! | L9: =Cac_hm_du_dk_giao_kh!#REF! -> #REF! | M9: 28516 | N9: 26043 | O9: 1965 | P9: 3445 | Q9: =L9+O9+M9+N9+P9 -> #REF! | R9: =Cac_hm_du_dk_giao_kh!#REF! -> #REF! | S9: 25262 | T9: 22777 | U9: 1731 | V9: 2650 | W9: =R9+U9+S9+T9+V9 -> #REF! | X9: =C9-W9 -> #REF!
A10: =+A9+1 -> 6 | B10: Công ty Điện lực Phú Thọ | C10: =D10+E10 -> 74535.65 | D10: 25209.13 | E10: 49326.519 | F10: =Cac_hm_du_dk_giao_kh!#REF! -> #REF! | G10: 29 | H10: 35 | I10: 5 | J10: 0 | K10: =F10+G10+I10+H10+J10 -> #REF! | L10: =Cac_hm_du_dk_giao_kh!#REF! -> #REF! | M10: 22785 | N10: 30625 | O10: 4018 | Q10: =L10+O10+M10+N10+P10 -> #REF! | R10: =Cac_hm_du_dk_giao_kh!#REF! -> #REF! | S10: 19619 | T10: 26165 | U10: 3543 | V10: 0 | W10: =R10+U10+S10+T10+V10 -> #REF! | X10: =C10-W10 -> #REF!
A11: =+A10+1 -> 7 | B11: Công ty Điện lực Quảng Ninh | C11: =D11+E11 -> 111535.17 | D11: 39923.024 | E11: 71612.141 | F11: =Cac_hm_du_dk_giao_kh!#REF! -> #REF! | G11: 28 | H11: 7 | I11: 4 | J11: 2 | K11: =F11+G11+I11+H11+J11 -> #REF! | L11: =Cac_hm_du_dk_giao_kh!#REF! -> #REF! | M11: 57932 | N11: 15081 | O11: 2380 | P11: 1900 | Q11: =L11+O11+M11+N11+P11 -> #REF! | R11: =Cac_hm_du_dk_giao_kh!#REF! -> #REF! | S11: 48276.667 | T11: 12567.5 | U11: 1983 | V11: 1583 | W11: =R11+U11+S11+T11+V11 -> #REF! | X11: =C11-W11 -> #REF!
A12: =+A11+1 -> 8 | B12: Công ty Điện lực Thái Nguyên | C12: =D12+E12 -> 77954.015 | D12: 29670.767 | E12: 48283.248 | F12: =Cac_hm_du_dk_giao_kh!#REF! -> #REF! | G12: 11 | H12: 4 | I12: 3 | J12: 3 | K12: =F12+G12+I12+H12+J12 -> #REF! | L12: =Cac_hm_du_dk_giao_kh!#REF! -> #REF! | M12: 12230 | N12: 7504 | O12: 2500 | P12: 5630 | Q12: =L12+O12+M12+N12+P12 -> #REF! | R12: =Cac_hm_du_dk_giao_kh!#REF! -> #REF! | S12: 10395.5 | T12: 6378.4 | U12: 2125 | V12: 4785.5 | W12: =R12+U12+S12+T12+V12 -> #REF! | X12: =C12-W12 -> #REF!
A13: =+A12+1 -> 9 | B13: Công ty Điện lực Bắc Giang | C13: =D13+E13 -> 90263.079 | D13: 30169.064 | E13: 60094.015 | F13: =Cac_hm_du_dk_giao_kh!#REF! -> #REF! | G13: 13 | H13: 23 | J13: 1 | K13: =F13+G13+I13+H13+J13 -> #REF! | L13: =Cac_hm_du_dk_giao_kh!#REF! -> #REF! | M13: 21153 | N13: 44950 | P13: 4430 | Q13: =L13+O13+M13+N13+P13 -> #REF! | R13: =Cac_hm_du_dk_giao_kh!#REF! -> #REF! | S13: 17976 | T13: 38199 | V13: 3919 | W13: =R13+U13+S13+T13+V13 -> #REF! | X13: =C13-W13 -> #REF! | AF13: 01 hm SCL kiến trúc
A14: =+A13+1 -> 10 | B14: Công ty Điện lực Thanh Hóa | C14: =D14+E14 -> 131530.02 | D14: 44012.064 | E14: 87517.951 | F14: =Cac_hm_du_dk_giao_kh!#REF! -> #REF! | G14: 21 | H14: 20 | I14: 1 | J14: 5 | K14: =F14+G14+I14+H14+J14 -> #REF! | L14: =Cac_hm_du_dk_giao_kh!#REF! -> #REF! | M14: 50366.92 | N14: 41120.6 | O14: 2537 | P14: 7420 | Q14: =L14+O14+M14+N14+P14 -> #REF! | R14: =Cac_hm_du_dk_giao_kh!#REF! -> #REF! | S14: 46636.037 | T14: 38262.037 | U14: 2530 | V14: 6870.3704 | W14: =R14+U14+S14+T14+V14 -> #REF! | X14: =C14-W14 -> #REF!
A15: =+A14+1 -> 11 | B15: Công ty Điện lực Thái Bình | C15: =D15+E15 -> 66249.364 | D15: 19011.619 | E15: 47237.745 | F15: =Cac_hm_du_dk_giao_kh!#REF! -> #REF! | G15: 11 | H15: 7 | I15: 0 | J15: 0 | K15: =F15+G15+I15+H15+J15 -> #REF! | L15: =Cac_hm_du_dk_giao_kh!#REF! -> #REF! | M15: 35350 | N15: 19300 | O15: 0 | P15: 0 | Q15: =L15+O15+M15+N15+P15 -> #REF! | R15: =Cac_hm_du_dk_giao_kh!#REF! -> #REF! | S15: 30739.13 | T15: 16782.609 | U15: 0 | V15: 0 | W15: =R15+U15+S15+T15+V15 -> #REF! | X15: =C15-W15 -> #REF!
A16: =+A15+1 -> 12 | B16: Công ty Điện lực Yên Bái | C16: =D16+E16 -> 39544.885 | D16: 12081.335 | E16: 27463.55 | F16: =Cac_hm_du_dk_giao_kh!#REF! -> #REF! | G16: 12 | H16: 1 | I16: 0 | J16: 0 | K16: =F16+G16+I16+H16+J16 -> #REF! | L16: =Cac_hm_du_dk_giao_kh!#REF! -> #REF! | M16: 25300 | N16: 1300 | O16: 0 | P16: 0 | Q16: =L16+O16+M16+N16+P16 -> #REF! | R16: =Cac_hm_du_dk_giao_kh!#REF! -> #REF! | S16: 22595 | T16: 1100 | U16: 0 | V16: 0 | W16: =R16+U16+S16+T16+V16 -> #REF! | X16: =C16-W16 -> #REF!
A17: =+A16+1 -> 13 | B17: Công ty Điện lực Lạng Sơn | C17: =D17+E17 -> 44881.65 | D17: 9696.7981 | E17: 35184.851 | F17: =Cac_hm_du_dk_giao_kh!#REF! -> #REF! | G17: 12 | H17: 11 | I17: 0 | J17: 0 | K17: =F17+G17+I17+H17+J17 -> #REF! | L17: =Cac_hm_du_dk_giao_kh!#REF! -> #REF! | M17: 20403 | N17: 20852.8 | O17: 0 | P17: 0 | Q17: =L17+O17+M17+N17+P17 -> #REF! | R17: =Cac_hm_du_dk_giao_kh!#REF! -> #REF! | S17: 17187.6 | T17: 17997.12 | U17: 0 | V17: 0 | W17: =R17+U17+S17+T17+V17 -> #REF! | X17: =C17-W17 -> #REF!
A18: =+A17+1 -> 14 | B18: Công ty Điện lực Tuyên Quang | C18: =D18+E18 -> 43771.25 | D18: 12006.046 | E18: 31765.204 | F18: =Cac_hm_du_dk_giao_kh!#REF! -> #REF! | H18: 69 | I18: 5 | K18: =F18+G18+I18+H18+J18 -> #REF! | L18: =Cac_hm_du_dk_giao_kh!#REF! -> #REF! | N18: 33976 | O18: 4682.092 | Q18: =L18+O18+M18+N18+P18 -> #REF! | R18: =Cac_hm_du_dk_giao_kh!#REF! -> #REF! | T18: 31963 | U18: 4393 | W18: =R18+U18+S18+T18+V18 -> #REF! | X18: =C18-W18 -> #REF!
A19: =+A18+1 -> 15 | B19: Công ty Điện lực Nghệ An | C19: =D19+E19 -> 114415.85 | D19: 34969.856 | E19: 79445.995 | F19: =Cac_hm_du_dk_giao_kh!#REF! -> #REF! | G19: 32 | H19: 40 | I19: 6 | J19: 4 | K19: =F19+G19+I19+H19+J19 -> #REF! | L19: =Cac_hm_du_dk_giao_kh!#REF! -> #REF! | M19: 39112 | N19: 50006 | O19: 8279 | P19: 5201 | Q19: =L19+O19+M19+N19+P19 -> #REF! | R19: =Cac_hm_du_dk_giao_kh!#REF! -> #REF! | S19: 30000 | T19: 39100 | U19: 6445.6545 | V19: 3900 | W19: =R19+U19+S19+T19+V19 -> #REF! | X19: =C19-W19 -> #REF! | AF19: 03 hm SCL trụ sở ĐL
A20: =+A19+1 -> 16 | B20: Công ty Điện lực Cao Bằng | C20: =D20+E20 -> 30626.101 | D20: 6667.039 | E20: 23959.062 | F20: =Cac_hm_du_dk_giao_kh!#REF! -> #REF! | G20: 10 | H20: 0 | I20: 0 | J20: 0 | K20: =F20+G20+I20+H20+J20 -> #REF! | L20: =Cac_hm_du_dk_giao_kh!#REF! -> #REF! | M20: 27553.08 | N20: 0 | O20: 0 | P20: 0 | Q20: =L20+O20+M20+N20+P20 -> #REF! | R20: =Cac_hm_du_dk_giao_kh!#REF! -> #REF! | S20: 23959.2 | T20: 0 | U20: 0 | V20: 0 | W20: =R20+U20+S20+T20+V20 -> #REF! | X20: =C20-W20 -> #REF!
A21: =+A20+1 -> 17 | B21: Công ty Điện lực Sơn La | C21: =D21+E21 -> 65357.328 | D21: 14129.149 | E21: 51228.179 | F21: =Cac_hm_du_dk_giao_kh!#REF! -> #REF! | G21: 9 | H21: 7 | I21: 4 | J21: 0 | K21: =F21+G21+I21+H21+J21 -> #REF! | L21: =Cac_hm_du_dk_giao_kh!#REF! -> #REF! | M21: 42848 | N21: 11840 | O21: 9345 | Q21: =L21+O21+M21+N21+P21 -> #REF! | R21: =Cac_hm_du_dk_giao_kh!#REF! -> #REF! | S21: 34278.4 | T21: 9472 | U21: 7476 | W21: =R21+U21+S21+T21+V21 -> #REF! | X21: =C21-W21 -> #REF!
A22: =+A21+1 -> 18 | B22: Công ty Điện lực Hà Tĩnh | C22: =D22+E22 -> 58886.481 | D22: 14775.187 | E22: 44111.294 | F22: =Cac_hm_du_dk_giao_kh!#REF! -> #REF! | G22: 13 | H22: 4 | I22: 0 | J22: 1 | K22: =F22+G22+I22+H22+J22 -> #REF! | L22: =Cac_hm_du_dk_giao_kh!#REF! -> #REF! | M22: 37615.473 | N22: 13477.545 | P22: 1700 | Q22: =L22+O22+M22+N22+P22 -> #REF! | R22: =Cac_hm_du_dk_giao_kh!#REF! -> #REF! | S22: 31544.171 | T22: 11066.748 | V22: 1500 | W22: =R22+U22+S22+T22+V22 -> #REF! | X22: =C22-W22 -> #REF! | AF22: 01 hm SCL trụ sở
A23: =+A22+1 -> 19 | B23: Công ty Điện lực Hòa Bình | C23: =D23+E23 -> 43125.255 | D23: 10401.727 | E23: 32723.528 | F23: =Cac_hm_du_dk_giao_kh!#REF! -> #REF! | G23: 11 | H23: 0 | I23: 0 | J23: 1 | K23: =F23+G23+I23+H23+J23 -> #REF! | L23: =Cac_hm_du_dk_giao_kh!#REF! -> #REF! | M23: 31330 | N23: 0 | O23: 0 | P23: 3000 | Q23: =L23+O23+M23+N23+P23 -> #REF! | R23: =Cac_hm_du_dk_giao_kh!#REF! -> #REF! | S23: 30022.8 | T23: 0 | U23: 0 | V23: 2700 | W23: =R23+U23+S23+T23+V23 -> #REF! | X23: =C23-W23 -> #REF! | AF23: 01 hm SCL trụ sở
A24: =+A23+1 -> 20 | B24: Công ty Điện lực Lào Cai | C24: =D24+E24 -> 50988.802 | D24: 15985.886 | E24: 35002.916 | F24: =Cac_hm_du_dk_giao_kh!#REF! -> #REF! | G24: 10 | H24: 5 | I24: 1 | J24: 3 | K24: =F24+G24+I24+H24+J24 -> #REF! | L24: =Cac_hm_du_dk_giao_kh!#REF! -> #REF! | M24: 27796 | N24: 11200 | O24: 310 | P24: 2750 | Q24: =L24+O24+M24+N24+P24 -> #REF! | R24: =Cac_hm_du_dk_giao_kh!#REF! -> #REF! | S24: 23696.4 | T24: 9110 | U24: 279 | V24: 2365 | W24: =R24+U24+S24+T24+V24 -> #REF! | X24: =C24-W24 -> #REF! | AF24: 03 hm SCL trụ sở ĐL
A25: =+A24+1 -> 21 | B25: Công ty Điện lực Điện Biên | C25: =D25+E25 -> 34007.687 | D25: 6038.6901 | E25: 27968.997 | F25: =Cac_hm_du_dk_giao_kh!#REF! -> #REF! | G25: 3 | H25: 5 | K25: =F25+G25+I25+H25+J25 -> #REF! | L25: =Cac_hm_du_dk_giao_kh!#REF! -> #REF! | M25: 13100 | N25: 19050 | Q25: =L25+O25+M25+N25+P25 -> #REF! | R25: =Cac_hm_du_dk_giao_kh!#REF! -> #REF! | S25: 11015 | T25: 16193 | W25: =R25+U25+S25+T25+V25 -> #REF! | X25: =C25-W25 -> #REF!
A26: =+A25+1 -> 22 | B26: Công ty Điện lực Hà Giang | C26: =D26+E26 -> 45572.036 | D26: 12752.264 | E26: 32819.773 | F26: =Cac_hm_du_dk_giao_kh!#REF! -> #REF! | G26: 11 | H26: 1 | I26: 3 | J26: 2 | K26: =F26+G26+I26+H26+J26 -> #REF! | L26: =Cac_hm_du_dk_giao_kh!#REF! -> #REF! | M26: 34288.8 | N26: 1500 | O26: 2080 | P26: 1850 | Q26: =L26+O26+M26+N26+P26 -> #REF! | R26: =Cac_hm_du_dk_giao_kh!#REF! -> #REF! | S26: 29831.256 | T26: 1305 | U26: 1810 | V26: 1609.5 | W26: =R26+U26+S26+T26+V26 -> #REF! | X26: =C26-W26 -> #REF!
A27: =+A26+1 -> 23 | B27: Công ty Điện lực Bắc Ninh | C27: =D27+E27 -> 112306.73 | D27: 44179.209 | E27: 68127.522 | F27: =Cac_hm_du_dk_giao_kh!#REF! -> #REF! | G27: 16 | H27: 3 | I27: 1 | K27: =F27+G27+I27+H27+J27 -> #REF! | L27: =Cac_hm_du_dk_giao_kh!#REF! -> #REF! | M27: 65514.256 | N27: 12165.882 | O27: 2470.5882 | Q27: =L27+O27+M27+N27+P27 -> #REF! | R27: =Cac_hm_du_dk_giao_kh!#REF! -> #REF! | S27: 55687.118 | T27: 10341 | U27: 2100 | W27: =R27+U27+S27+T27+V27 -> #REF! | X27: =C27-W27 -> #REF!
A28: =+A27+1 -> 24 | B28: Công ty Điện lực Hưng Yên | C28: =D28+E28 -> 83413.79 | D28: 29964.962 | E28: 53448.828 | F28: =Cac_hm_du_dk_giao_kh!#REF! -> #REF! | G28: 20 | H28: 17 | I28: 4 | K28: =F28+G28+I28+H28+J28 -> #REF! | L28: =Cac_hm_du_dk_giao_kh!#REF! -> #REF! | M28: 33160 | N28: 26400 | O28: 2973 | Q28: =L28+O28+M28+N28+P28 -> #REF! | R28: =Cac_hm_du_dk_giao_kh!#REF! -> #REF! | S28: 28571.672 | T28: 22907.031 | U28: 2680 | W28: =R28+U28+S28+T28+V28 -> #REF! | X28: =C28-W28 -> #REF!
A29: =+A28+1 -> 25 | B29: Công ty Điện lực Hà Nam | C29: =D29+E29 -> 63880.817 | D29: 24297.951 | E29: 39582.866 | F29: =Cac_hm_du_dk_giao_kh!#REF! -> #REF! | G29: 20 | H29: 12 | J29: 1 | K29: =F29+G29+I29+H29+J29 -> #REF! | L29: =Cac_hm_du_dk_giao_kh!#REF! -> #REF! | M29: 24538.8 | N29: 17352.5 | P29: 1650 | Q29: =L29+O29+M29+N29+P29 -> #REF! | R29: =Cac_hm_du_dk_giao_kh!#REF! -> #REF! | S29: 22308 | T29: 15775 | V29: 1500 | W29: =R29+U29+S29+T29+V29 -> #REF! | X29: =C29-W29 -> #REF! | AF29: 01 hm SCL trụ sở ĐL
A30: =+A29+1 -> 26 | B30: Công ty Điện lực Vĩnh Phúc | C30: =D30+E30 -> 66548.13 | D30: 18244.669 | E30: 48303.462 | F30: =Cac_hm_du_dk_giao_kh!#REF! -> #REF! | G30: 18 | H30: 10 | I30: 1 | J30: 1 | K30: =F30+G30+I30+H30+J30 -> #REF! | L30: =Cac_hm_du_dk_giao_kh!#REF! -> #REF! | M30: 23223 | N30: 23243 | O30: 5186 | P30: 2530 | Q30: =L30+O30+M30+N30+P30 -> #REF! | R30: =Cac_hm_du_dk_giao_kh!#REF! -> #REF! | S30: 20192 | T30: 20211 | U30: 5210 | V30: 2200 | W30: =R30+U30+S30+T30+V30 -> #REF! | X30: =C30-W30 -> #REF! | AF30: 01 hm SCL trụ sở
A31: =+A30+1 -> 27 | B31: Công ty Điện lực Bắc Kạn | C31: =D31+E31 -> 24237.915 | D31: 3575.5521 | E31: 20662.363 | F31: =Cac_hm_du_dk_giao_kh!#REF! -> #REF! | G31: 14 | H31: 15 | I31: 3 | K31: =F31+G31+I31+H31+J31 -> #REF! | L31: =Cac_hm_du_dk_giao_kh!#REF! -> #REF! | M31: 14185.827 | N31: 6591.533 | O31: 1273.9025 | P31: 0 | Q31: =L31+O31+M31+N31+P31 -> #REF! | R31: =Cac_hm_du_dk_giao_kh!#REF! -> #REF! | S31: 12552.46 | T31: 5901.0165 | U31: 1146.5123 | W31: =R31+U31+S31+T31+V31 -> #REF! | X31: =C31-W31 -> #REF!
A32: =+A31+1 -> 28 | B32: Công ty Điện lực Lai Châu | C32: =D32+E32 -> 34236.749 | D32: 14115.241 | E32: 20121.508 | F32: =Cac_hm_du_dk_giao_kh!#REF! -> #REF! | G32: 15 | H32: 3 | I32: 2 | J32: 0 | K32: =F32+G32+I32+H32+J32 -> #REF! | L32: =Cac_hm_du_dk_giao_kh!#REF! -> #REF! | M32: 15451.5 | N32: 1800 | O32: 5112 | P32: 0 | Q32: =L32+O32+M32+N32+P32 -> #REF! | R32: =Cac_hm_du_dk_giao_kh!#REF! -> #REF! | S32: 13901.35 | T32: 1620 | U32: 4601 | W32: =R32+U32+S32+T32+V32 -> #REF! | X32: =C32-W32 -> #REF!
A33: =+A32+1 -> 29 | B33: Công ty Dịch vụ điện lực miền Bắc
B34: TỔNG CỘNG | C34: =SUM(C5:C33) -> 1789878.5 | D34: =SUM(D5:D33) -> 581547.84 | E34: =SUM(E5:E33) -> 1208330.7 | F34: =SUM(F5:F33) -> #REF! | G34: =SUM(G5:G33) -> 376 | H34: =SUM(H5:H33) -> 332 | I34: =SUM(I5:I33) -> 45 | J34: =SUM(J5:J33) -> 34 | ... W34: =SUM(W5:W33) -> #REF! | Y34: =SUM(Y5:Y32) -> 0 | Z34: =SUM(Z5:Z32) -> 0 | AA34: =SUM(AA5:AA32) -> 0 | AB34: =SUM(AB5:AB32) -> 0 | AC34: =SUM(AC5:AC32) -> 0 | AD34: =SUM(AD5:AD32) -> 0 | AE34: =SUM(AE5:AE32) -> 0
AB36: =C34-AB34 -> 1789878.5
C37: =C34+E37 -> 1803071.8 | E37: =23595-D23 -> 13193.273 | AB37: =AB34+AD37 -> 23595 | AD37: =23595-AC23 -> 23595

Sheet Tong_hop
A1: TỔNG HỢP THÔNG QUA KẾ HOẠCH SCL NĂM ${year} CỦA CÁC ĐƠN VỊ
A2: STT | B2: Tên đơn vị | C2: Kế hoạch chi phí Phân bổ | F2: Đăng ký kế hoạch của các đơn vị | X2: Chênh lệch | Z2: HM 110kV đủ điều kiện thông qua | AD2: Tạm giao chi phí SCL | AG2: Chênh lệch so phân bổ
C3: Tổng | D3: 110kV | E3: Khác 110kV | F3: SL hạng mục đăng ký | L3: Giá trị khái toán | R3: Giá trị chi phí | X3: 110kV | Y3: Khác 110kV | AD3: Tổng | AE3: 110kV | AF3: Khác 110kV
F4: 110kV | G4: TT | H4: HT | I4: Khác | J4: KTr | K4: Tổng | L4: 110kV | M4: TT | N4: HT | O4: Khác | P4: KTr | Q4: Tổng | R4: 110kV | S4: TT | T4: HT | U4: Khác | V4: KTr | W4: Tổng | Z4: SL | AA4: Gtrị Khái toán | AB4: Gtrị chi phí | AC4: Chênh lệch
A5: 1 | B5: Công ty Điện lực Hải Phòng | K5: =F5+G5+H5+I5+J5 -> 0 | Q5: =SUM(L5:P5) -> 0 | W5: =SUM(R5:V5) -> 0 | X5: =D5-R5 -> 0 | Y5: =E5-(S5+T5+V5) -> 0 | Z5: =IFERROR( INDEX(Cac_hm_du_dk_giao_kh!G:G, MATCH( "Công ty Điện lực Hải Phòng", Cac_hm_du_dk_giao_kh!B:B, 0 ) ), 0) -> 0 | AA5: =IFERROR( INDEX(Cac_hm_du_dk_giao_kh!E:E, MATCH( "Công ty Điện lực Hải Phòng", Cac_hm_du_dk_giao_kh!B:B, 0 ) ), 0) -> 0 | AB5: =IFERROR( INDEX(Cac_hm_du_dk_giao_kh!F:F, MATCH( "Công ty Điện lực Hải Phòng", Cac_hm_du_dk_giao_kh!B:B, 0 ) ), 0) -> 0 | AC5: =D5-AB5 -> 0 | AD5: =AE5+AF5 -> 0 | AE5: =AB5 -> 0 | AF5: =E5 -> 0 | AG5: =C5-AD5 -> 0
A6: 2 | B6: Công ty Điện lực Ninh Bình | K6: =F6+G6+H6+I6+J6 -> 0 | Q6: =SUM(L6:P6) -> 0 | W6: =SUM(R6:V6) -> 0 | X6: =D6-R6 -> 0 | Y6: =E6-(S6+T6+V6) -> 0 | Z6: =IFERROR( INDEX(Cac_hm_du_dk_giao_kh!G:G, MATCH( "Công ty Điện lực Ninh Bình", Cac_hm_du_dk_giao_kh!B:B, 0 ) ), 0) -> 0 | AA6: =IFERROR( INDEX(Cac_hm_du_dk_giao_kh!E:E, MATCH( "Công ty Điện lực Ninh Bình", Cac_hm_du_dk_giao_kh!B:B, 0 ) ), 0) -> 0 | AB6: =IFERROR( INDEX(Cac_hm_du_dk_giao_kh!F:F, MATCH( "Công ty Điện lực Ninh Bình", Cac_hm_du_dk_giao_kh!B:B, 0 ) ), 0) -> 0 | AC6: =D6-AB6 -> 0 | AD6: =AE6+AF6 -> 0 | AE6: =AB6 -> 0 | AF6: =E6 -> 0 | AG6: =C6-AD6 -> 0
A7: 3 | B7: Công ty Điện lực Phú Thọ | K7: =F7+G7+H7+I7+J7 -> 0 | Q7: =SUM(L7:P7) -> 0 | W7: =SUM(R7:V7) -> 0 | X7: =D7-R7 -> 0 | Y7: =E7-(S7+T7+V7) -> 0 | Z7: =IFERROR( INDEX(Cac_hm_du_dk_giao_kh!G:G, MATCH( "Công ty Điện lực Phú Thọ", Cac_hm_du_dk_giao_kh!B:B, 0 ) ), 0) -> 0 | AA7: =IFERROR( INDEX(Cac_hm_du_dk_giao_kh!E:E, MATCH( "Công ty Điện lực Phú Thọ", Cac_hm_du_dk_giao_kh!B:B, 0 ) ), 0) -> 0 | AB7: =IFERROR( INDEX(Cac_hm_du_dk_giao_kh!F:F, MATCH( "Công ty Điện lực Phú Thọ", Cac_hm_du_dk_giao_kh!B:B, 0 ) ), 0) -> 0 | AC7: =D7-AB7 -> 0 | AD7: =AE7+AF7 -> 0 | AE7: =AB7 -> 0 | AF7: =E7 -> 0 | AG7: =C7-AD7 -> 0
A8: 4 | B8: Công ty Điện lực Quảng Ninh | K8: =F8+G8+H8+I8+J8 -> 0 | Q8: =SUM(L8:P8) -> 0 | W8: =SUM(R8:V8) -> 0 | X8: =D8-R8 -> 0 | Y8: =E8-(S8+T8+V8) -> 0 | Z8: =IFERROR( INDEX(Cac_hm_du_dk_giao_kh!G:G, MATCH( "Công ty Điện lực Quảng Ninh", Cac_hm_du_dk_giao_kh!B:B, 0 ) ), 0) -> 0 | AA8: =IFERROR( INDEX(Cac_hm_du_dk_giao_kh!E:E, MATCH( "Công ty Điện lực Quảng Ninh", Cac_hm_du_dk_giao_kh!B:B, 0 ) ), 0) -> 0 | AB8: =IFERROR( INDEX(Cac_hm_du_dk_giao_kh!F:F, MATCH( "Công ty Điện lực Quảng Ninh", Cac_hm_du_dk_giao_kh!B:B, 0 ) ), 0) -> 0 | AC8: =D8-AB8 -> 0 | AD8: =AE8+AF8 -> 0 | AE8: =AB8 -> 0 | AF8: =E8 -> 0 | AG8: =C8-AD8 -> 0
A9: 5 | B9: Công ty Điện lực Thái Nguyên | K9: =F9+G9+H9+I9+J9 -> 0 | Q9: =SUM(L9:P9) -> 0 | W9: =SUM(R9:V9) -> 0 | X9: =D9-R9 -> 0 | Y9: =E9-(S9+T9+V9) -> 0 | Z9: =IFERROR( INDEX(Cac_hm_du_dk_giao_kh!G:G, MATCH( "Công ty Điện lực Thái Nguyên", Cac_hm_du_dk_giao_kh!B:B, 0 ) ), 0) -> 0 | AA9: =IFERROR( INDEX(Cac_hm_du_dk_giao_kh!E:E, MATCH( "Công ty Điện lực Thái Nguyên", Cac_hm_du_dk_giao_kh!B:B, 0 ) ), 0) -> 0 | AB9: =IFERROR( INDEX(Cac_hm_du_dk_giao_kh!F:F, MATCH( "Công ty Điện lực Thái Nguyên", Cac_hm_du_dk_giao_kh!B:B, 0 ) ), 0) -> 0 | AC9: =D9-AB9 -> 0 | AD9: =AE9+AF9 -> 0 | AE9: =AB9 -> 0 | AF9: =E9 -> 0 | AG9: =C9-AD9 -> 0
A10: 6 | B10: Công ty Điện lực Bắc Ninh | K10: =F10+G10+H10+I10+J10 -> 0 | Q10: =SUM(L10:P10) -> 0 | W10: =SUM(R10:V10) -> 0 | X10: =D10-R10 -> 0 | Y10: =E10-(S10+T10+V10) -> 0 | Z10: =IFERROR( INDEX(Cac_hm_du_dk_giao_kh!G:G, MATCH( "Công ty Điện lực Bắc Ninh", Cac_hm_du_dk_giao_kh!B:B, 0 ) ), 0) -> 0 | AA10: =IFERROR( INDEX(Cac_hm_du_dk_giao_kh!E:E, MATCH( "Công ty Điện lực Bắc Ninh", Cac_hm_du_dk_giao_kh!B:B, 0 ) ), 0) -> 0 | AB10: =IFERROR( INDEX(Cac_hm_du_dk_giao_kh!F:F, MATCH( "Công ty Điện lực Bắc Ninh", Cac_hm_du_dk_giao_kh!B:B, 0 ) ), 0) -> 0 | AC10: =D10-AB10 -> 0 | AD10: =AE10+AF10 -> 0 | AE10: =AB10 -> 0 | AF10: =E10 -> 0 | AG10: =C10-AD10 -> 0
A11: 7 | B11: Công ty Điện lực Thanh Hóa | K11: =F11+G11+H11+I11+J11 -> 0 | Q11: =SUM(L11:P11) -> 0 | W11: =SUM(R11:V11) -> 0 | X11: =D11-R11 -> 0 | Y11: =E11-(S11+T11+V11) -> 0 | Z11: =IFERROR( INDEX(Cac_hm_du_dk_giao_kh!G:G, MATCH( "Công ty Điện lực Thanh Hóa", Cac_hm_du_dk_giao_kh!B:B, 0 ) ), 0) -> 0 | AA11: =IFERROR( INDEX(Cac_hm_du_dk_giao_kh!E:E, MATCH( "Công ty Điện lực Thanh Hóa", Cac_hm_du_dk_giao_kh!B:B, 0 ) ), 0) -> 0 | AB11: =IFERROR( INDEX(Cac_hm_du_dk_giao_kh!F:F, MATCH( "Công ty Điện lực Thanh Hóa", Cac_hm_du_dk_giao_kh!B:B, 0 ) ), 0) -> 0 | AC11: =D11-AB11 -> 0 | AD11: =AE11+AF11 -> 0 | AE11: =AB11 -> 0 | AF11: =E11 -> 0 | AG11: =C11-AD11 -> 0
A12: 8 | B12: Công ty Điện lực Hưng Yên | K12: =F12+G12+H12+I12+J12 -> 0 | Q12: =SUM(L12:P12) -> 0 | W12: =SUM(R12:V12) -> 0 | X12: =D12-R12 -> 0 | Y12: =E12-(S12+T12+V12) -> 0 | Z12: =IFERROR( INDEX(Cac_hm_du_dk_giao_kh!G:G, MATCH( "Công ty Điện lực Hưng Yên", Cac_hm_du_dk_giao_kh!B:B, 0 ) ), 0) -> 0 | AA12: =IFERROR( INDEX(Cac_hm_du_dk_giao_kh!E:E, MATCH( "Công ty Điện lực Hưng Yên", Cac_hm_du_dk_giao_kh!B:B, 0 ) ), 0) -> 0 | AB12: =IFERROR( INDEX(Cac_hm_du_dk_giao_kh!F:F, MATCH( "Công ty Điện lực Hưng Yên", Cac_hm_du_dk_giao_kh!B:B, 0 ) ), 0) -> 0 | AC12: =D12-AB12 -> 0 | AD12: =AE12+AF12 -> 0 | AE12: =AB12 -> 0 | AF12: =E12 -> 0 | AG12: =C12-AD12 -> 0
A13: 9 | B13: Công ty Điện lực Lào Cai | K13: =F13+G13+H13+I13+J13 -> 0 | Q13: =SUM(L13:P13) -> 0 | W13: =SUM(R13:V13) -> 0 | X13: =D13-R13 -> 0 | Y13: =E13-(S13+T13+V13) -> 0 | Z13: =IFERROR( INDEX(Cac_hm_du_dk_giao_kh!G:G, MATCH( "Công ty Điện lực Lào Cai", Cac_hm_du_dk_giao_kh!B:B, 0 ) ), 0) -> 0 | AA13: =IFERROR( INDEX(Cac_hm_du_dk_giao_kh!E:E, MATCH( "Công ty Điện lực Lào Cai", Cac_hm_du_dk_giao_kh!B:B, 0 ) ), 0) -> 0 | AB13: =IFERROR( INDEX(Cac_hm_du_dk_giao_kh!F:F, MATCH( "Công ty Điện lực Lào Cai", Cac_hm_du_dk_giao_kh!B:B, 0 ) ), 0) -> 0 | AC13: =D13-AB13 -> 0 | AD13: =AE13+AF13 -> 0 | AE13: =AB13 -> 0 | AF13: =E13 -> 0 | AG13: =C13-AD13 -> 0
A14: 10 | B14: Công ty Điện lực Lạng Sơn | K14: =F14+G14+H14+I14+J14 -> 0 | Q14: =SUM(L14:P14) -> 0 | W14: =SUM(R14:V14) -> 0 | X14: =D14-R14 -> 0 | Y14: =E14-(S14+T14+V14) -> 0 | Z14: =IFERROR( INDEX(Cac_hm_du_dk_giao_kh!G:G, MATCH( "Công ty Điện lực Lạng Sơn", Cac_hm_du_dk_giao_kh!B:B, 0 ) ), 0) -> 0 | AA14: =IFERROR( INDEX(Cac_hm_du_dk_giao_kh!E:E, MATCH( "Công ty Điện lực Lạng Sơn", Cac_hm_du_dk_giao_kh!B:B, 0 ) ), 0) -> 0 | AB14: =IFERROR( INDEX(Cac_hm_du_dk_giao_kh!F:F, MATCH( "Công ty Điện lực Lạng Sơn", Cac_hm_du_dk_giao_kh!B:B, 0 ) ), 0) -> 0 | AC14: =D14-AB14 -> 0 | AD14: =AE14+AF14 -> 0 | AE14: =AB14 -> 0 | AF14: =E14 -> 0 | AG14: =C14-AD14 -> 0
A15: 11 | B15: Công ty Điện lực Tuyên Quang | K15: =F15+G15+H15+I15+J15 -> 0 | Q15: =SUM(L15:P15) -> 0 | W15: =SUM(R15:V15) -> 0 | X15: =D15-R15 -> 0 | Y15: =E15-(S15+T15+V15) -> 0 | Z15: =IFERROR( INDEX(Cac_hm_du_dk_giao_kh!G:G, MATCH( "Công ty Điện lực Tuyên Quang", Cac_hm_du_dk_giao_kh!B:B, 0 ) ), 0) -> 0 | AA15: =IFERROR( INDEX(Cac_hm_du_dk_giao_kh!E:E, MATCH( "Công ty Điện lực Tuyên Quang", Cac_hm_du_dk_giao_kh!B:B, 0 ) ), 0) -> 0 | AB15: =IFERROR( INDEX(Cac_hm_du_dk_giao_kh!F:F, MATCH( "Công ty Điện lực Tuyên Quang", Cac_hm_du_dk_giao_kh!B:B, 0 ) ), 0) -> 0 | AC15: =D15-AB15 -> 0 | AD15: =AE15+AF15 -> 0 | AE15: =AB15 -> 0 | AF15: =E15 -> 0 | AG15: =C15-AD15 -> 0
A16: 12 | B16: Công ty Điện lực Nghệ An | K16: =F16+G16+H16+I16+J16 -> 0 | Q16: =SUM(L16:P16) -> 0 | W16: =SUM(R16:V16) -> 0 | X16: =D16-R16 -> 0 | Y16: =E16-(S16+T16+V16) -> 0 | Z16: =IFERROR( INDEX(Cac_hm_du_dk_giao_kh!G:G, MATCH( "Công ty Điện lực Nghệ An", Cac_hm_du_dk_giao_kh!B:B, 0 ) ), 0) -> 0 | AA16: =IFERROR( INDEX(Cac_hm_du_dk_giao_kh!E:E, MATCH( "Công ty Điện lực Nghệ An", Cac_hm_du_dk_giao_kh!B:B, 0 ) ), 0) -> 0 | AB16: =IFERROR( INDEX(Cac_hm_du_dk_giao_kh!F:F, MATCH( "Công ty Điện lực Nghệ An", Cac_hm_du_dk_giao_kh!B:B, 0 ) ), 0) -> 0 | AC16: =D16-AB16 -> 0 | AD16: =AE16+AF16 -> 0 | AE16: =AB16 -> 0 | AF16: =E16+AC16 -> 0 | AG16: =C16-AD16 -> 0
A17: 13 | B17: Công ty Điện lực Cao Bằng | K17: =F17+G17+H17+I17+J17 -> 0 | Q17: =SUM(L17:P17) -> 0 | W17: =SUM(R17:V17) -> 0 | X17: =D17-R17 -> 0 | Y17: =E17-(S17+T17+V17) -> 0 | Z17: =IFERROR( INDEX(Cac_hm_du_dk_giao_kh!G:G, MATCH( "Công ty Điện lực Cao Bằng", Cac_hm_du_dk_giao_kh!B:B, 0 ) ), 0) -> 0 | AA17: =IFERROR( INDEX(Cac_hm_du_dk_giao_kh!E:E, MATCH( "Công ty Điện lực Cao Bằng", Cac_hm_du_dk_giao_kh!B:B, 0 ) ), 0) -> 0 | AB17: =IFERROR( INDEX(Cac_hm_du_dk_giao_kh!F:F, MATCH( "Công ty Điện lực Cao Bằng", Cac_hm_du_dk_giao_kh!B:B, 0 ) ), 0) -> 0 | AC17: =D17-AB17 -> 0 | AD17: =AE17+AF17 -> 0 | AE17: =AB17 -> 0 | AF17: =E17 -> 0 | AG17: =C17-AD17 -> 0
A18: 14 | B18: Công ty Điện lực Sơn La | K18: =F18+G18+H18+I18+J18 -> 0 | Q18: =SUM(L18:P18) -> 0 | W18: =SUM(R18:V18) -> 0 | X18: =D18-R18 -> 0 | Y18: =E18-(S18+T18+V18) -> 0 | Z18: =IFERROR( INDEX(Cac_hm_du_dk_giao_kh!G:G, MATCH( "Công ty Điện lực Sơn La", Cac_hm_du_dk_giao_kh!B:B, 0 ) ), 0) -> 0 | AA18: =IFERROR( INDEX(Cac_hm_du_dk_giao_kh!E:E, MATCH( "Công ty Điện lực Sơn La", Cac_hm_du_dk_giao_kh!B:B, 0 ) ), 0) -> 0 | AB18: =IFERROR( INDEX(Cac_hm_du_dk_giao_kh!F:F, MATCH( "Công ty Điện lực Sơn La", Cac_hm_du_dk_giao_kh!B:B, 0 ) ), 0) -> 0 | AC18: =D18-AB18 -> 0 | AD18: =AE18+AF18 -> 0 | AE18: =AB18 -> 0 | AF18: =E18+AC18 -> 0 | AG18: =C18-AD18 -> 0
A19: 15 | B19: Công ty Điện lực Hà Tĩnh | K19: =F19+G19+H19+I19+J19 -> 0 | Q19: =SUM(L19:P19) -> 0 | W19: =SUM(R19:V19) -> 0 | X19: =D19-R19 -> 0 | Y19: =E19-(S19+T19+V19) -> 0 | Z19: =IFERROR( INDEX(Cac_hm_du_dk_giao_kh!G:G, MATCH( "Công ty Điện lực Hà Tĩnh", Cac_hm_du_dk_giao_kh!B:B, 0 ) ), 0) -> 0 | AA19: =IFERROR( INDEX(Cac_hm_du_dk_giao_kh!E:E, MATCH( "Công ty Điện lực Hà Tĩnh", Cac_hm_du_dk_giao_kh!B:B, 0 ) ), 0) -> 0 | AB19: =IFERROR( INDEX(Cac_hm_du_dk_giao_kh!F:F, MATCH( "Công ty Điện lực Hà Tĩnh", Cac_hm_du_dk_giao_kh!B:B, 0 ) ), 0) -> 0 | AC19: =D19-AB19 -> 0 | AD19: =AE19+AF19 -> 0 | AE19: =AB19 -> 0 | AF19: =E19 -> 0 | AG19: =C19-AD19 -> 0
A20: 16 | B20: Công ty Điện lực Điện Biên | K20: =F20+G20+H20+I20+J20 -> 0 | Q20: =SUM(L20:P20) -> 0 | W20: =SUM(R20:V20) -> 0 | X20: =D20-R20 -> 0 | Y20: =E20-(S20+T20+V20) -> 0 | Z20: =IFERROR( INDEX(Cac_hm_du_dk_giao_kh!G:G, MATCH( "Công ty Điện lực Điện Biên", Cac_hm_du_dk_giao_kh!B:B, 0 ) ), 0) -> 0 | AA20: =IFERROR( INDEX(Cac_hm_du_dk_giao_kh!E:E, MATCH( "Công ty Điện lực Điện Biên", Cac_hm_du_dk_giao_kh!B:B, 0 ) ), 0) -> 0 | AB20: =IFERROR( INDEX(Cac_hm_du_dk_giao_kh!F:F, MATCH( "Công ty Điện lực Điện Biên", Cac_hm_du_dk_giao_kh!B:B, 0 ) ), 0) -> 0 | AC20: =D20-AB20 -> 0 | AD20: =AE20+AF20 -> 0 | AE20: =AB20 -> 0 | AF20: =E20+AC20 -> 0 | AG20: =C20-AD20 -> 0
A21: 17 | B21: Công ty Điện lực Lai Châu | K21: =F21+G21+H21+I21+J21 -> 0 | Q21: =SUM(L21:P21) -> 0 | W21: =SUM(R21:V21) -> 0 | X21: =D21-R21 -> 0 | Y21: =E21-(S21+T21+V21) -> 0 | Z21: =IFERROR( INDEX(Cac_hm_du_dk_giao_kh!G:G, MATCH( "Công ty Điện lực Lai Châu", Cac_hm_du_dk_giao_kh!B:B, 0 ) ), 0) -> 0 | AA21: =IFERROR( INDEX(Cac_hm_du_dk_giao_kh!E:E, MATCH( "Công ty Điện lực Lai Châu", Cac_hm_du_dk_giao_kh!B:B, 0 ) ), 0) -> 0 | AB21: =IFERROR( INDEX(Cac_hm_du_dk_giao_kh!I:I, MATCH( "Công ty Điện lực Lai Châu", Cac_hm_du_dk_giao_kh!D:D, 0 ) ), 0) -> 0 | AC21: =D21-AB21 -> 0 | AD21: =AE21+AF21 -> 0 | AE21: =AB21 -> 0 | AF21: =E21 -> 0 | AG21: =C21-AD21 -> 0
B22: TỔNG CỘNG | C22: =SUM(C5:C21) -> 0 | D22: =SUM(D5:D21) -> 0 | E22: =SUM(E5:E21) -> 0 | F22: =SUM(F5:F21) -> 0 | G22: =SUM(G5:G21) -> 0 | H22: =SUM(H5:H21) -> 0 | I22: =SUM(I5:I21) -> 0 | J22: =SUM(J5:J21) -> 0 | ... AG22: =SUM(AG5:AG21) -> 0
T24: =(S22+T22)/E22 -> #DIV/0! | U24: =(U22+V22)/E22 -> #DIV/0!

Sheet Cac_hm_du_dk_giao_kh
A1: TỔNG HỢP ĐĂNG KÝ HẠNG MỤC SCL LƯỚI ĐIỆN 110kV NĂM ${year} CỦA CÁC ĐƠN VỊ
D2: Đơn vị tính: Triệu đồng
A3: STT | B3: Tên hạng mục | C3: Mã số TSCĐ trên SSKT | D3: Nội dung sửa chữa chủ yếu | E3: Giá trị khái toán | F3: Giá trị chi phí | G3: Ghi chú

Sheet Cac_hm_chua_du_dk_giao_kh
A1: TỔNG HỢP ĐĂNG KÝ HẠNG MỤC SCL LƯỚI ĐIỆN 110kV NĂM ${year} CỦA CÁC ĐƠN VỊ
A3: STT | B3: Tên hạng mục | C3: Nội dung sửa chữa chủ yếu | D3: Ghi chú

Sheet Sheet1
B1: LỊCH HỌP RÀ SOÁT DANH MỤC KẾ HOẠCH SCL NĂM 2025-2026
B3: STT | C3: Ngày | D3: Buổi | E3: Giờ | F3: Tên đơn vị | H3: Chủ trì | I3: Thành phần
B4: 1 | C4: 16/6/2025 | D4: Chiều | E4: 13.30-15.00 | F4: 2 đơn vị | G4: PC Bắc Ninh | H4: Ban KH | I4: Ban KH, Ban KT, Ban ĐT, NPCETC, NPCIT | J4: Hiếu
G5: PC Bắc Giang | J5: Hiếu
E6: 15.00-15.30 | F6: 1 đơn vị | G6: PC Lạng Sơn
B7: 2 | C7: 17/6/2025 | D7: Sáng | E7: 8.30-9.00 | F7: 1 đơn vị | G7: PC Cao Bằng
E8: 09.00-9.30 | F8: 1 đơn vị | G8: PC Quảng Ninh | J8: Hiếu
E9: 09.45-10.15 | F9: 1 đơn vị | G9: PC Thanh Hóa | J9: Hiếu
E10: 10.15-11.30 | F10: 2 đơn vị | G10: PC Hưng Yên
G11: PC Thái Bình
E12: 11.44-12.00 | F12: 1 đơn vị | G12: PC Hà Tĩnh
E13: 13.45-14.30 | F13: 1 đơn vị | G13: PC Sơn La
E14: 15.15-16.30 | F14: 2 đơn vị | G14: PC Tuyên Quang
G15: PC Hà Giang
B16: 3 | C16: 18/6/2025 | D16: Sáng | E16: 8.30-9.15 | F16: 1 đơn vị | G16: PC Lai Châu | J16: Hiếu
E17: 9.15-9.45 | F17: 1 đơn vị | G17: PC Điện Biên | J17: Hiếu
E18: 09.45-11.00 | F18: 2 đơn vị | G18: PC Thái Nguyên | J18: Hiếu
G19: PC Bắc Kạn | J19: Hiếu
E20: 11.00-11.30 | F20: 1 đơn vị | G20: PC Nghệ An
D21: Chiều | E21: 13.30-15.30 | F21: 3 đơn vị | G21: PC Ninh Bình | J21: Hiếu
G22: PC Hà Nam | J22: Hiếu
G23: PC Nam Định | J23: Hiếu
B24: 4 | C24: 19/6/2025 | D24: Sáng | E24: 8.30-9.45 | F24: 2 đơn vị | G24: PC Hải Phòng | J24: Hiếu
G25: PC Hải Dương | J25: Hiếu
E26: 9.45-11.30 | F26: 3 đơn vị | G26: PC Phú Thọ | J26: Hiếu
G27: PC Hòa Bình
G28: PC Vĩnh Phúc | J28: Hiếu
D29: Chiều | E29: 13.45-15.00 | F29: 2 đơn vị | G29: PC Lào Cai
G30: PC Yên Bái
